<?xml version="1.0" encoding="UTF-8"?>
<project-private xmlns="http://www.netbeans.org/ns/project-private/1">
    <editor-bookmarks xmlns="http://www.netbeans.org/ns/editor-bookmarks/2" lastBookmarkId="0"/>
    <open-files xmlns="http://www.netbeans.org/ns/projectui-open-files/2">
        <group>
            <file>file:/Applications/XAMPP/xamppfiles/htdocs/NestSchool/app/Http/Controllers/CourseController.php</file>
            <file>file:/Applications/XAMPP/xamppfiles/htdocs/NestSchool/resources/views/courses/reportCard.blade.php</file>
        </group>
    </open-files>
</project-private>
